Name,Address,Phone,Website,Category
School of Concepts (Kinex),"11 Tanjong Katong Rd, #02-38, Singapore 437157",+65 9237 5595,https://www.schoolofconcepts.sg/schools?utm_source=google&utm_medium=wix_google_business_profile&utm_campaign=15366341638390581178,"point_of_interest,establishment"
Curious Thoughts Academy,"37 Middle Road #02-00 UWEEI Building, Singapore 188946",+65 6250 2595,https://academy.curiousthoughts.sg/,"point_of_interest,establishment"
Merry Minds Enrichment Centre,"50 E Coast Rd, #02-141 Roxy Square 2, Singapore 428769",+65 8086 8268,http://www.merrymindssg.com/,"point_of_interest,establishment"
MindChamps Reading @ Toa Payoh,"Blk 190 Lor 6 Toa Payoh, #03-512, Singapore 310190",+65 8020 9498,https://www.mindchamps.org/enrichment/our-centres/mindchamps-enrichment-academy-toa-payoh-central/,"point_of_interest,establishment"
Phonics Essentials,"53A Grange Rd, Singapore 249566",+65 8621 7303,http://www.phonicsessentials.com/,"point_of_interest,establishment"
LITTLE READERS Phonics & Reading Specialist @ Hougang-Serangoon-Sengkang-Punggol,"1187 Upper Serangoon Rd, #01-04, Singapore 533971",+65 8138 5397,https://www.littlereaderssg.com/phonics-reading,"point_of_interest,establishment"
Jan & Elly English Language School (Woodleigh Mall),"11 Bidadari Park Dr, #01-02, Singapore 367803",+65 8048 6690,https://jan-elly.com/,"point_of_interest,establishment"
I Can Read,"180 Kitchener Rd, #07 - 09, Singapore 208539",+65 6509 4217,https://sg.icanread.asia/,"point_of_interest,establishment"
Tuffaha Readers (Eunos Branch),"150 Changi Rd, #02-04 Guthrie Building, Singapore 419973",+65 6247 9004,http://tuffaha.sg/,"point_of_interest,establishment"
Articulate Literacy@Tampines,"Blk 866A Tampines Street 83, #03-08 Tampines Central Community Complex, Singapore 521866",+65 8013 6312,https://www.facebook.com/articulate.literacy/,"point_of_interest,establishment"
Ezy Pzy Academy,"183 Jln Pelikat, #01-40 The Promenade @ Pelikat, Singapore 537643",+65 9768 2580,,"point_of_interest,establishment"
MindChamps Reading @ Punggol Digital District,"11 Northshore Dr, #01-B, Singapore 828670",+65 8332 0020,https://www.mindchamps.org/mrw/reading-programme/,"point_of_interest,establishment"
Wonderlit Singapore,"442 Orchard Road #03-08 to #03-12, Claymore Connect, Singapore 238879",+65 6980 5670,http://wonderlitworld.com/,"point_of_interest,establishment"
MEGAPHONICS ENRICHMENT CENTRE,"01-12 Bukit Batok Central, Block 637, Singapore 650637",+65 9106 1177,http://megaphonics.com.sg/,"point_of_interest,establishment"
Sparkanauts,"180 Kitchener Rd, #09-07/08 City Square Mall, Singapore 208539",+65 6509 0071,https://sparkanauts.com/,"childrens_camp,point_of_interest,establishment"
Brainy Child Montessori Learning Centre,"150 Orchard Rd, #05-38/43 Orchard Plaza, Singapore 238841",+65 6733 7669,https://www.brainychildmontessori.sg/,"preschool,school,child_care_agency,point_of_interest,establishment"
Arty Learning @ Hougang | Enrichment Classes for Kids,"806 Hougang Central, #04-146, Singapore 530806",+65 8821 4153,https://artylearning.com/,"point_of_interest,establishment"
The Phonics School,"Blk 505B Bishan St.11, #01-422, Singapore 570505",+65 8071 0355,,"point_of_interest,establishment"
I Love Learning Achievement Center (Jurong East),"2 Venture Dr, #06-15 Vision Exchange, Singapore 608526",+65 9711 8963,http://www.ilovelearning.com.sg/,"point_of_interest,establishment"
School of Concepts (Our Tampines Hub),"1 Tampines Walk, #05-31, Singapore 528523",+65 9238 3919,https://www.schoolofconcepts.sg/schools?utm_source=google&utm_medium=wix_google_business_profile&utm_campaign=11790845986480410382,"point_of_interest,establishment"
MEGAPHONICS ENRICHMENT CENTRE JURONG WEST,"Blk 502 Jurong West Ave 1, #04-819, Singapore 640502",+65 9106 1177,http://www.megaphonics.com.sg/,"point_of_interest,establishment"
Mind Stretcher Woodleigh,"11 Bidadari Park Dr, #01-10/11, Singapore 367803",+65 8882 3029,https://www.mindstretcher.com/,"point_of_interest,establishment"
The Eton Academy by Etonhouse (The Woodleigh Mall),"11 Bidadari Park Dr, #01-12/13, Singapore 367803",+65 6994 3002,https://theetonacademy.com.sg/,"point_of_interest,establishment"
KRTC Toa Payoh - Kent Ridge Education Hub,"500 Lor 6 Toa Payoh, #04-32 Biz 1, HDB Hub, Singapore 310500",+65 6250 0444,http://www.krtc.com.sg/,"point_of_interest,establishment"
Winshire Educational Centre,"122 Bedok North Street 2, #01-100, Singapore 460122",+65 6446 6771,https://www.facebook.com/WinshireEducationCentre1996/,"point_of_interest,establishment"
The Weekend School,"406A Northshore Dr, Singapore 821406",,http://www.theweekendschool.com/,"point_of_interest,establishment"
Little Sunshine Learning Centre,"50 E Coast Rd, #01-98, Singapore 428769",+65 9190 2778,http://www.lilsunshine.net/,"point_of_interest,establishment"
Paced Learning Academy,"Blk 203 Hougang St 21, #04-95, Singapore 530203",+65 8932 6269,http://www.pacedlearningacademy.com/,"point_of_interest,establishment"
Kidz Literacy Cove,"3A Kensington Park Rd, Singapore 557255",+65 9780 0786,https://www.kidzliteracycove.com/,"preschool,child_care_agency,point_of_interest,school,establishment"
FUN Commune,"82 Lor 23 Geylang, #06-04 Atrix, Singapore 388409",+65 9363 6162,https://www.funcommune.com/,"child_care_agency,point_of_interest,establishment"
Learners Exploratorium,"13 Haig Rd, #01-153, Singapore 430013",+65 6802 7696,http://learnersexploratorium.wordpress.com/,"child_care_agency,point_of_interest,school,establishment"
Hi-5 House of Learning,"17 Joo Seng Rd, Singapore 360017",+65 6728 6866,https://school.hi-5world.com/,"point_of_interest,school,establishment"
Dudu: Chinese Adaptive Reading Programme for Multilingual Kids,"33 Ubi Avenue 3 #08-72, Vertex, Tower A, Singapore 408868",+65 6848 8900,https://dudu.town/,"consultant,point_of_interest,establishment"
Swords & Stationery Dyslexia Therapy Centre,"1 Pemimpin Dr, #12-03, Singapore 576151",+65 9029 1678,https://swordsandstationery.com/,"consultant,point_of_interest,establishment"
ThinkersBox Development,"North Bridge Centre, 420 N Bridge Rd, #03-02/03 Opposite National Library, Singapore 188727",+65 6773 4886,https://thinkersbox.com/,"point_of_interest,establishment"
BlueTree Education (Orchard),"190 Clemenceau Ave, #02-01/05 Singapore Shopping Centre, Singapore 239924",+65 9616 0312,http://www.bluetreeeducation.com/,"consultant,point_of_interest,establishment"
I-REVIVE SG,"33 Ubi Ave 3, Tower A #05-49, Singapore 408868",+65 8767 8827,https://www.facebook.com/iReviveSG/,"point_of_interest,establishment"
Heguru Education @ SingPost Centre Paya Lebar,"10 Eunos Rd 8, #01-210 SingPost Centre, Singapore 408600",+65 6346 4646,http://www.hegurueducation.com.sg/,"point_of_interest,establishment"
BriliBrain Edu Chinese Tuition Centre (给力华文),"18 Ah Hood Rd, #06-53 Hiap Hoe Building, Office Block within Zhongshan Mall, Singapore 329983",+65 9726 1149,https://www.brilibrainedu.com/,"point_of_interest,establishment"
Puzzles Education Studio,"371 Beach Rd, #B1-11, Singapore 199597",,https://puzzleseducationstudio.com/,"point_of_interest,school,establishment"
Studyroom,"206 Toa Payoh N, Block 206, Singapore 310206",,https://studyroom.sg/,"point_of_interest,establishment"
The Physics Cafe PMC Paya Lebar Singpost Centre,"10 Eunos Rd 8, #01-207 SingPost Centre, Singapore 408600",+65 9005 1733,http://www.pmc.sg/,"point_of_interest,establishment"
MindChamps MindSpace @ The Woodleigh Mall | After School Student Care for P1-P5 | MindChamps Enrichment & PSLE for P1-P6,"11 Bidadari Park Drive, Mall, #02-35/36 The Woodleigh, Singapore 367803",+65 8422 9889,https://mindspace.mindchamps.org/mindspace-the-woodleigh-mall/,"point_of_interest,establishment"
Read Think Learn Education Hub / After School Care (Geylang West / Kallang),"1205 Upper Boon Keng Rd, #02-01, Singapore 387311",+65 6909 3780,https://readthinklearn.education/tuition-enrichment/after-school-care/,"child_care_agency,point_of_interest,establishment"
Enlightened Hand Learning Hub,"130 Tembeling Rd, Singapore 423639",+65 6600 7666,http://www.enlightenedhand.com/,"school,child_care_agency,point_of_interest,establishment"
Seeds Learning Centre - Enrichment,"252 Tembeling Rd, #02-07A Tembeling Centre, Singapore 423731",+65 9137 4328,https://www.seedslearning.com.sg/enrichment/,"school,child_care_agency,point_of_interest,establishment"
Read Think Learn Education Hub / Tuition Centre,"45 Boon Keng Rd, #02-05, Singapore 339771",+65 6909 3780,http://readthinklearn.education/,"child_care_agency,point_of_interest,establishment"
MindChamps Enrichment Academy,"Blk 192 Lor 4 Toa Payoh, #02-674, Singapore 310192",+65 8020 9498,https://www.mindchamps.org/enrichment/,"point_of_interest,establishment"
Thought and Words Learning Centre,"46 E Coast Rd, #07-01 Eastgate, Singapore 428766",+65 6241 5531,http://www.thoughtandwords.com.sg/,"school,point_of_interest,establishment"
Kinderland Academy @ Yio Chu Kang,"449 Yio Chu Kang Rd, Singapore 805946",+65 6881 8818,https://kinderland.com.sg/kinderland-yio-chu-kang/,"preschool,farm,wholesaler,school,child_care_agency,point_of_interest,establishment"
Kinderland International Education Pte Ltd,"87 Marine Parade Central, #03-202, Singapore 440087",+65 6881 8818,https://kinderland.com.sg/,"preschool,school,child_care_agency,point_of_interest,establishment"
LoveKids Speech and Drama Serangoon Gardens,"24A Maju Ave, Singapore 556696",+65 6288 0508,http://www.lovekids.com.sg/,"point_of_interest,establishment"
Splendore Montessori,"231, Block A Mountbatten Rd, #02-03B, Singapore 397999",+65 8424 9881,http://www.splendoremontessori.com/,"point_of_interest,establishment"
Happy Train Pte Ltd (Bugis),"87 Beach Rd, #05-01 Chye Sing Building, Singapore 189695",+65 6336 5080,http://www.happytrain.com.sg/,"point_of_interest,establishment"
AmeriCare Child Development Centre,"541 Geylang Rd, #02-01, Singapore 389496",+65 6344 4424,https://americarepreschool.com/,"preschool,farm,wholesaler,school,child_care_agency,point_of_interest,establishment"
Super Talent Childcare @ Macpherson 122,"122 Paya Lebar Way, #01-2903, Singapore 381122",+65 6844 3550,https://supertalent.com.sg/,"child_care_agency,point_of_interest,establishment"
Canossaville Children & Community Services,"1 Sallim Road (Gate 3, Sallim Rd, Singapore 387621",+65 6748 5777,http://canossaville.org.sg/,"point_of_interest,establishment"
Fun With Abacus,"34 Cassia Cres, #01-80, Singapore 390034",+65 9786 5383,http://funwithabacus.com/,"point_of_interest,establishment"
Kodecoon Academy,"10 Eunos Road 8 03-01/03, Singpost Centre, Centre Lobby, Singapore 408600",+65 8950 3022,http://www.kodecoon.com/,"summer_camp_organizer,child_care_agency,point_of_interest,establishment"
Tots On Tour Singapore,"7 Lor 29 Geylang, #03-00, Singapore 388063",+65 8488 4930,http://www.totsontour.sg/,"point_of_interest,establishment"
Little Forest,"396 Joo Chiat Pl, #02-03 The Yards, Singapore 428079",+65 9191 4259,http://www.littleforest.sg/,"playground,preschool,child_care_agency,school,point_of_interest,establishment"
Next Level Enrichment Tuition,"Blk 709 Ang Mo Kio Ave 8, #02-2593, Singapore 560709",+65 8262 2767,http://www.nextlevelenrichment.com/,"point_of_interest,establishment"
Heguru @ City Square Mall,"180 Kitchener Rd, #06 - 01, Singapore 208539",+65 6509 1961,https://hegurucenter.com.sg/,"school,point_of_interest,establishment"
EDOOVO | Online Enrichment Classes,"2 MacTaggart Rd, #05-01, Singapore 368078",+65 9627 8610,https://www.edoovo.com/?utm_source=google&utm_medium=organic&utm_campaign=gmb,"point_of_interest,establishment"
The Oak Tree Enrichment Centre,"607 Bukit Timah Rd, #02-01, Singapore 269708",+65 6469 0660,http://www.theoaktree.edu.sg/,"point_of_interest,establishment"
EduFirst Learning Centre (Toa Payoh) | Tuition & Student Care Centre,"93 Toa Payoh Central, #01-04, Singapore 319194",+65 9106 7716,https://www.edufirst.com.sg/,"point_of_interest,establishment"
Kiztopia Prestige,"58 Kim Yam Rd, #04-01, Singapore 239359",+65 8201 0393,https://kiztopia.com/branches/kiztopia-prestige/,"playground,point_of_interest,establishment"
The Alternative Story (Parkway Centre),"1 Marine Parade Central, #10-09, Singapore 449408",,https://thealternativestory.com/,"point_of_interest,establishment"
Ideas@Play Enrichment Centre,"Blk 510 Bedok North Street 3, #01-21, Singapore 460510",+65 8752 1996,http://www.ideasatplay.com.sg/,"point_of_interest,establishment"
Cambridge @ MacPherson,"50 MacPherson Rd, #01-01 and #03-01 Amazana Building, Singapore 348471",+65 9168 2816,https://cambridge.school/macpherson/,"preschool,child_care_agency,point_of_interest,school,establishment"
Cherie Hearts @ Mountbatten Pte Ltd,"231 Mountbatten Rd, #01-01 Block G, Singapore 397999",+65 6242 3828,https://cheriehearts.com.sg/centres/childcare-mountbatten/,"point_of_interest,school,establishment"
Advent Links-SAUC Education Centre,"41 Sims Dr, #01-277, Singapore 380041",+65 6254 9246,http://www.alsauc.edu.sg/,"consultant,point_of_interest,school,establishment"
NTUC First Campus,"229 Mountbatten Rd, #02-08 Mountbatten Square, Singapore 398007",+65 6509 7888,https://www.ntucfirstcampus.com/,"preschool,child_care_agency,point_of_interest,school,establishment"
"Creative Campus (Orchard) - English & Literature Tuition and Enrichment Centre, GP and IB Tuition","545 Orchard Rd, #14-07/08 Far East Shopping Centre, Singapore 238882",+65 6455 3063,https://creativecampus.com.sg/,"point_of_interest,establishment"
A Class Act - Boutique English Enrichment Centre,"239533, Killiney Rd, 87号 #01-01",+65 9643 5780,https://aclassact.com.sg/,"child_care_agency,point_of_interest,establishment"
LevelUp Tuition Centre,"Blk 83 Lor 2 Toa Payoh, #01-447, Singapore 310083",+65 8817 1185,https://leveluptuition.sg/,"point_of_interest,establishment"
The Write Connection - Toa Payoh,"293 Lor 6 Toa Payoh, #02-03 SAFRA, Singapore 319387",+65 6931 7980,http://www.thewriteconnection.com.sg/,"point_of_interest,establishment"
Joyous Learning Academy Pte Ltd,"Block 177 Toa Payoh Central, #01-138, Singapore 310177",+65 6264 9193,http://www.joyouslearning.com.sg/,"consultant,child_care_agency,point_of_interest,establishment"
WRITERS AT WORK Enrichment - Marine Parade,"Blk 82 Marine Parade Central, #01-614, Singapore 440082",+65 8388 5075,http://www.writersatwork.com.sg/,"point_of_interest,establishment"
Helix Performance Lab,"60 Paya Lebar Rd, #07-54 Paya Lebar Square, Singapore 409051",+65 8129 8970,https://helix.sg/,"point_of_interest,establishment"
The Learning Board Tuition Centre (Kembangan),"5 Jln Masjid, #01-14, Singapore 418924",+65 9271 0648,https://www.thelearningboard.com.sg/,"point_of_interest,establishment"
EduEdge English & GP Specialists,"301 Serangoon Ave 2, Singapore 550301",+65 6288 8741,http://www.eduedge.com.sg/DCA,"point_of_interest,establishment"
Phi Learning English,"80 Marine Parade Rd, #08-07 Parkway Parade, Singapore 449269",+65 9436 2207,https://philearning.sg/?utm_source=GMB&utm_medium=website,"point_of_interest,establishment"
Connected Learning – Online Primary & Secondary Chinese Tuition In SG,"60 Paya Lebar Rd, #07-54 Paya Lebar Square, Singapore 409051",+65 8725 7379,https://connectedlearning.sg/,"point_of_interest,establishment"
"Start English | Tailored English Classes for Kids, Adults, and Professionals","Paya Lebar Rd, 60号, Paya Lebar Square, #07 54 邮政编码: 409051",+65 9651 4309,https://www.startenglish.sg/,"point_of_interest,establishment"
ULC Academy (Orchard) ‚Top-Rated English Language School in Singapore | Adults & Kids,"111 Somerset Rd, #12-22, Singapore 238164",+65 9660 9969,https://www.ulcsg.com/,"consultant,point_of_interest,establishment"
United Language Centre(ULC)- The Best English Language School in Singapore,"1 Coleman St, #10-11/12 The Adelphi, Singapore 179803",+65 6015 0910,https://www.ulc.com.sg/,"point_of_interest,establishment"
English Express - Learn English Singapore,"20 Kramat Lane #05-05, United House, Singapore 228773",+65 6714 6723,https://www.englishexpress.com.sg/,"point_of_interest,establishment"
EduFirst Learning Centre (Aljunied) - English Math Chinese Science Tuition Centre Singapore,"110 Lor 23 Geylang, #01-07, Singapore 388410",,http://www.edufirst.com.sg/,"point_of_interest,establishment"
Ardent Training Academy,"315 Joo Chiat Rd, #02-01, Singapore 427566",+65 9658 4473,https://ardentenglish.com.sg/,"point_of_interest,establishment"
PlayFACTO School @ Aljunied,"110 Lor 23 Geylang, #01-09 Victory Centre, Singapore 388410",+65 9678 4746,https://www.playfactoschool.com.sg/aljunied,"child_care_agency,point_of_interest,establishment"
DO Applied Learning By Epoch Talent Academy (Raising Standards; Changing Lives),"86 Marine Parade Central, #04-302, Singapore 440086",+65 9105 0593,https://doappliedlearning.com.sg/,"consultant,point_of_interest,establishment"
School of Language International- English & Chinese Courses Singapore,"10 Anson Rd, #20-07 International Plaza, Singapore 079903",+65 8509 3488,http://www.language-int.com/,"school,point_of_interest,establishment"
Playwrite.sg,"60 Paya Lebar Rd, Singapore 409051",+65 8026 7309,https://www.playwrite.sg/,"point_of_interest,establishment"
British Education Centre,"300 Beach Road, The Concourse, #20-01/02/07, Singapore 199555",+65 9220 0948,https://www.bec.edu.sg/,"point_of_interest,establishment"
Lifelong Learning Institute,"11 Eunos Rd 8, Singapore 408601",,http://lifelonglearningsg.org/,"point_of_interest,establishment"
Acer academy,"113 Aljunied Ave 2, #01-17, Singapore 380113",+65 9842 9884,http://aceracademy.sg/,"point_of_interest,establishment"
Grace Learning Academy,"20 Mugliston Rd, Singapore 437726",+65 9816 2473,https://www.gracelearningacademy.com.sg/,"point_of_interest,establishment"
English Explorer – Leading English Language School In Singapore,"10 Anson Rd, #22-07B International Plaza, Singapore 079903",+65 9028 7560,https://www.englishexplorer.com.sg/,"point_of_interest,establishment"
Lithan Academy,"11 Eunos Rd 8, #07-02 Lifelong Learning Institute, Singapore 408601",+65 6324 9730,http://www.lithan.com/,"point_of_interest,establishment"
English Ninjas Enrichment and Tuition Centre,"1 Fifth Ave., #03-08, Singapore 268802",+65 8428 0026,https://englishninjas.sg/,"point_of_interest,establishment"
The Eton Academy by EtonHouse (Great World),"1 Kim Seng Promenade, #03-126 Great World, Singapore 237994",+65 6994 3001,https://theetonacademy.com.sg/,"point_of_interest,establishment"
Mrs D's English Enrichment,"20 Kramat Ln, #03-05 United House, Singapore 228773",+65 8138 6011,http://www.english-enrichment.com/,"point_of_interest,establishment"
The Right Word,"205A Upper Thomson Rd, Singapore 574345",+65 9150 1560,https://www.therightword.com.sg/,"child_care_agency,consultant,point_of_interest,establishment"
HAO Chinese Tuition Centre 好学堂 (HQ),"501 Balestier Rd, #02-01 Wai Wing Centre, Singapore 329844",+65 8626 7300,https://haochinesetuition.com/,"point_of_interest,establishment"
EliteKid Chinese,"110 Middle Rd, #07-02A Chiat Hong Building, Singapore 188968",+65 8884 9619,https://elitekid.com.sg/,"point_of_interest,establishment"
KidStartNow,"209 New Upper Changi Rd, #03-649 HDB Bedok, Singapore 460209",+65 6481 1907,http://www.kidstartnow.com/,"point_of_interest,establishment"
Yanzi Mandarin - Chinese Tuition & Enrichment (Katong Branch),"865 Mountbatten Road #02-31 and #05-15 Katong Shopping Centre, Singapore 437844",+65 9135 9889,http://yanzimandarin.com/,"point_of_interest,establishment"
Yi Mu Tian Chinese Enrichment 一亩田华文坊,"398 Upper Paya Lebar Rd, #02-06 Prestige Point, Singapore 534986",+65 9766 1663,http://yimutian.com.sg/,"point_of_interest,establishment"
Phi Learning Chinese (飞学院) @ Marine Parade - Chinese Enrichment | Chinese Tuition Class Singapore,"80 Marine Parade Rd, #08-09 Parkway Parade, Singapore 449269",+65 8878 5558,https://philearningchinese.sg/,"school,point_of_interest,establishment"
My Chinese Steps Learning Centre (The Flow Mall),"66 E Coast Rd, #03-08, Singapore 428778",+65 8891 4460,http://www.mychinesesteps.com/,"child_care_agency,school,point_of_interest,establishment"
Tongxin Learning Centre,"Block 305 Ubi Ave 1, #02-169, Singapore 400305",+65 9781 8435,https://www.tongxinlc.com/,"point_of_interest,establishment"
Fang Cao Yuan Chinese Learning,"SG 112 East Coast Road,i12Katong, #03-18/19/20",+65 6908 2338,http://fangcao.edu.sg/,"point_of_interest,establishment"
Seedlings World Student Care,"396 Joo Chiat Pl, #02-05 The Yards, Singapore 428079",+65 9780 8484,https://www.seedlingsworld.com.sg/,"child_care_agency,point_of_interest,establishment"
Hua Cheng Education Centre (Parkway Centre),"1 Marine Parade Central, #05-09 Parkway Centre, Singapore 449408",+65 8092 2686,https://www.huachengeducation.com.sg/,"point_of_interest,establishment"
Leap Learning Centre 百分百学习中心,"51 Upper Serangoon Rd, #03-07, Singapore 347697",+65 6904 3528,https://www.leaplc.com/,"point_of_interest,establishment"
Yang Guang Chinese Enrichment Centre (Bukit Timah),"733 Bukit Timah Rd, #01-04, Singapore 269748",+65 6816 2230,,"point_of_interest,establishment"
Elite Linguistic Academy @ Bugis - Chinese Courses for Adults - Singapore,"110 Middle Rd, #07-02A Chiat Hong Building, Singapore 188968",+65 8885 7668,https://www.elitelinguistic.com/,"point_of_interest,school,establishment"
Hua Cheng Education Centre (The Midtown),"1187 Upper Serangoon Rd, #02-23/24 Midtown Residences (The Midtown Residences), Singapore 533971",+65 6844 9300,http://www.huachengeducation.com.sg/,"point_of_interest,establishment"
Hua Language Centre (United Square),"101 Thomson Rd, Singapore 307591",+65 6255 5060,https://www.hua.com.sg/,"point_of_interest,establishment"
YouLe Mandarin Kovan | 优乐语文中心,"203 Hougang St 21, #01-47/49, Singapore 530203",+65 9669 7203,,"point_of_interest,establishment"
Han Hai Language Studio - Learn Chinese in Singapore - Orchard Studio,"40A Orchard Road MacDonald House #03-00, Singapore 238838",+65 8328 3208,http://www.hanhai-language.com.sg/,"consultant,point_of_interest,school,establishment"
LingoAce Singapore,"111 Somerset Rd, #04-06 TripleOne Somerset, Singapore 238164",+65 3105 1163,https://www.lingoace.com/sg/?utm_source=gmb&utm_medium=organic,"point_of_interest,establishment"
YouLe Mandarin Parkway | 优乐语文,"1 Marine Parade Central, #07-04/#08-01, Singapore 449408",+65 9888 8408,,"point_of_interest,establishment"
"Chengzhu Mandarin Centre, The Woodleigh Mall","11 Bidadari Park Dr, #02-45, Singapore 367803",+65 6993 8851,https://www.chengzhu.edu.sg/,"point_of_interest,establishment"
YouLe Mandarin Forum | 优乐语文中心,"583 Orchard Rd, #06-01, Singapore 238884",+65 8347 0649,,"point_of_interest,establishment"
"World Nam Wah Pai Association- Qigong, Tai Chi & Martial Arts","9 Lor 29 Geylang, #05-02, Singapore 388065",+65 9857 4553,https://namwahpai.sg/,"sports_activity_location,point_of_interest,health,establishment"
Chinese Edge - Singapore Mandarin Classes,"10 Anson Rd, #22-07H International Plaza, Singapore 079903",+65 8321 1902,https://www.chineseedge.com.sg/,"point_of_interest,establishment"
Linda Mandarin City Campus - Mandarin Course Singapore,"10 Anson Rd, #22-07A International Plaza, Singapore 079903",+65 9299 2356,https://www.lindamandarin.com.sg/,"point_of_interest,school,establishment"
Yi Xue Learning Centre  - Clementi,"3151 Commonwealth Ave W, #02-04A Grantral Mall @ Clementi, Singapore 129581",+65 9352 9221,http://www.yixuelc.com/,"point_of_interest,establishment"
Mandarin Plus,"16 Raffles Quay, #09-83/86, Singapore 048581",+65 9720 7491,http://www.mandarinplus.com.sg/,"point_of_interest,establishment"
EduGrove Mandarin Enrichment Centre (Ang Mo Kio),"53 Ang Mo Kio Ave 3, #03 - 07, Singapore 569933",+65 6016 4452,http://edugrove.com.sg/,"point_of_interest,establishment"
"Chengzhu Mandarin Centre, Rochester Mall","35 Rochester Drive #03-01 to 05 & 27, Singapore 138639",+65 6737 5348,https://www.chengzhu.edu.sg/,"point_of_interest,establishment"
Han Hai Language Studio - Learn Mandarin Singapore,"40A Orchard Rd, MacDonald House, Singapore 238838",+65 8328 3208,http://www.hanhai-language.com.sg/,"point_of_interest,establishment"
Hua Cheng Education Centre (City Square Mall),"City Square Mall, 180 Kitchener Rd, #07-07/08, Singapore 208539",+65 8882 0020,http://www.huachengeducation.com.sg/,"school,point_of_interest,establishment"
Busy Bees Learning Centre (Balmoral Plaza),"271 Bukit Timah Rd, #02-18/19 Balmoral Plaza, Singapore 259708",+65 6733 2939,https://www.bblcchinese.com/,"primary_school,school,point_of_interest,establishment"
Lemon Tree Chinese Learning Centre (乐蒙),"1187 Upper Serangoon Rd, #02-22 Midtown Residences (The Midtown Residences), Singapore 533971",+65 6970 7796,http://www.lemontree.com.sg/,"point_of_interest,establishment"
YouLe Mandarin Jurong East ,"Blk 135 Jurong Gateway Rd, #02-315, Singapore 600135",+65 8788 5135,https://www.youle.com.sg/,"point_of_interest,establishment"
Malay Tuition - Pusat Bahasa NUSA (Pasir Ris - Blk 483),"Blk 483 Pasir Ris Drive 4, B1-477, Singapore 510483",+65 8208 2997,http://malaytuitionsg.com/,"point_of_interest,establishment"
Malay Language Centre of Singapore,"13 Bishan St 14, Singapore 579778",+65 9670 7951,,"point_of_interest,establishment"
Malay Tuition - Pusat Bahasa NUSA (Tampines),"614 Tampines North Dr. 1, #01-11, Singapore 520614",+65 9617 2830,http://www.malaytuitionsg.com/,"point_of_interest,establishment"
Malay Tuition - Pusat Bahasa NUSA (Pasir Ris),"Elias Rd, #01-120 Block 614, Singapore 510614",+65 6583 2616,http://www.malaytuitionsg.com/,"point_of_interest,establishment"
Malay Tuition,"120B Edgedale Plains, Singapore 822120",+65 9475 0059,https://malaysupertutor.wordpress.com/,"point_of_interest,establishment"
Malay Tuition - Pusat Bahasa NUSA (Choa Chu Kang),"Choa Chu Kang Central, B1-212 Block 217, Singapore 680217",+65 6816 2910,http://www.malaytuitionsg.com/,"point_of_interest,establishment"
Cakap Malayu Learning Centre,"20 Kramat Ln, #05-05 United House, Singapore 228773",+65 6750 4414,http://cakapmalayu.crystallearning.edu.sg/,"point_of_interest,establishment"
Malay Tuition - Pusat Bahasa NUSA (Woodlands),"Blk 721 Woodlands Cir, #01-122, Singapore 730721",+65 9189 5905,http://www.malaytuitionsg.com/,"point_of_interest,establishment"
My First Skool at Blk 113 Alkaff Crescent,"Blk 113 Alkaff Cres, #01-01 Alkaff Oasis, Singapore 340113",+65 6509 7887,https://www.myfirstskool.com/?utm_medium=visit-website&utm_source=GMB-AKC01&utm_campaign=Google&utm_term=website-button&utm_content=GMB,"preschool,child_care_agency,school,point_of_interest,establishment"
Ilham Child Care (East) Pte Ltd,"1 Ubi View, #01-20 Focus One, Singapore 408555",+65 6749 6323,http://www.ilhamchildcare.com/,"preschool,child_care_agency,school,point_of_interest,establishment"
Da Di Learning Studio 大地学堂 (Eunos),"10 Jln Ubi, #02-03 Community Centre, Singapore 409075",+65 8699 8667,https://www.dadi.com.sg/,"point_of_interest,establishment"
Lingo Languages - Singapore,"20 Kramat Lane United House #05-05, Singapore 228773",+65 6222 0583,https://lingo.edu.sg/,"point_of_interest,establishment"
MOE Language Centre (Bishan),"11 Bishan St 14, Singapore 579782",+65 6258 7794,http://www.moelc.moe.edu.sg/,"point_of_interest,establishment"
inlingua School of Languages,"51 Cuppage Rd, #10-12, Singapore 229469",+65 6737 6666,https://inlingua.edu.sg/,"summer_camp_organizer,point_of_interest,school,establishment"
Muslim Converts' Association of Singapore (Darul Arqam Singapore),"32 Onan Rd, Singapore 424484",+65 6597 0400,http://www.darul-arqam.org.sg/,"place_of_worship,point_of_interest,establishment"
FirstCom Academy,"11 Eunos Rd 8, #08-04 Lifelong Learning Institute, Singapore 408601",+65 6653 7552,https://www.fca.edu.sg/,"point_of_interest,establishment"
Geylang East Library,"50 Geylang East Ave 1, Singapore 389777",+65 6547 1975,https://www.nlb.gov.sg/main/visit-us/our-libraries-and-locations/libraries/geylang-east-public-library,"library,point_of_interest,establishment"
YMCA of Singapore,"1 Orchard Rd, Singapore 238824",+65 6336 6000,http://www.ymca.org.sg/,"point_of_interest,establishment"
Wisma Geylang Serai,"1 Engku Aman Turn, Singapore 408528",,https://www.facebook.com/WismaGeylangSerai/,"community_center,event_venue,point_of_interest,establishment"
Little Artists Art Studio - (Main Studio),"15 Siglap Rd, #01-07 The Mandarin Gardens, Singapore 448912",+65 6449 0960,https://little-artists.com/,"art_studio,childrens_camp,child_care_agency,point_of_interest,establishment"
The Shichida Method HQ @ HDB Hub,"480 Lor 6 Toa Payoh, #12-01 HDB Hub East Wing, 310480, Singapore 310480",+65 6254 9555,http://www.shichidamethod.com/,"point_of_interest,establishment"
Agape School of Education,"Thomson Rd, #191A Goldhill Shopping Centre, Singapore 307632",+65 6222 2331,https://agape.school/,"point_of_interest,school,establishment"
SimplyIslam.sg,"152 Still Rd, Singapore 423991",+65 6547 4407,http://www.simplyislam.sg/,"book_store,consultant,point_of_interest,school,store,establishment"
Tamil CLASS,"180 Kitchener Rd, City Square Mall, Singapore 208539",+65 6303 0553,https://www.tamilclass.com.sg/,"preschool,child_care_agency,point_of_interest,school,establishment"
"Tamil Tuition- Tamil Amuthu Learning Centre, Singapore, தமிழ் பயிற்சி- தமிழ் அமுது பயிற்சி மையம், சிங்கப்பூர்","163 Bukit Merah Central, #03-3603, Singapore 150163",+65 8919 8105,http://www.tamilamuthu.sg/,"point_of_interest,establishment"
My Tamil Academy (Tamil Tuition & Enrichment),"BLK 106 Yishun Ring Rd, #02-181, Singapore 760106",+65 8760 4085,http://www.mytamilacademy.com/,"point_of_interest,establishment"
Tamil tuition - Tamilcube Learning Centre,"48 Serangoon Rd, #01-04 Arcade, Singapore 217959",+65 9850 1472,https://tuition.tamilcube.com/little-india/,"book_store,point_of_interest,store,establishment"
"Umar Pulavar Tamil Language Centre,உமறுப்புலவர் தமிழ் மொழி நிலையம்","2 Beatty Rd, Singapore 209943",+65 6298 0781,http://www.uptlc.moe.edu.sg/,"point_of_interest,establishment"
"Tamil Tuition Singapore - Tamilguru Learning Hub Pvt Ltd, தமிழ் மொழி பயிற்சி பள்ளி சிங்கப்பூர், தமிழ் குரு","6 Hillview Rise, Singapore 667980",+65 9270 9970,https://tamilguru.com.sg/,"university,primary_school,point_of_interest,school,establishment"
Jai Learning Hub - Singapore’s Premier Tamil Tution Centre,"291 Yishun Street 22, Singapore 760291",+65 8479 2537,https://jailearninghub.com/sg/,"consultant,point_of_interest,establishment"
Sargam Tamil Tuition Centre,"Blk 678 Hougang Ave 8, #01-515, Singapore 530678",+65 9456 2024,,"point_of_interest,establishment"
ThinkTamil Academy,"20 Veerasamy Rd, Singapore 207327",+65 8650 8608,,"point_of_interest,school,establishment"
Tamil tuition - Tamilcube Learning Centre,"133 Jurong Gateway Road, 04-291, Singapore 600133",+65 9850 1472,https://tuition.tamilcube.com/jurong-east/,"point_of_interest,establishment"
Tamil tuition - Tamilcube Learning Centre,"5 Tampines Central 6, #01-06, Singapore 529482",+65 9850 1472,https://tuition.tamilcube.com/tampines/,"point_of_interest,establishment"
Tamil tuition - Tamilcube Learning Centre,"53, Ang Mo Kio Avenue 3 03-08, AMK Hub, Singapore 569933",+65 9850 1472,https://tuition.tamilcube.com/ang-mo-kio/,"point_of_interest,establishment"
Tamil tuition - Tamilcube Learning Centre,"30 Sembawang Dr, #04-07 Sun Plaza, Singapore 757713",+65 9850 1472,https://tuition.tamilcube.com/sembawang/,"point_of_interest,establishment"
The Learners Council,"1 Fifth Ave., #03-06 Guthrie House, Singapore 268802",+65 8292 4288,http://www.thelearnerscouncil.com/,"consultant,child_care_agency,point_of_interest,school,establishment"
Berlitz Singapore Language & Assessment,"391B Orchard Road #16-01 Ngee Ann City Tower B, Singapore 238874",+65 6733 7472,https://berlitzsingaporeonline.com/,"point_of_interest,establishment"
Learn Indonesian Asia,"5 Shenton Wy, #10-01 UIC Building, Singapore 068808",+65 6648 0350,http://www.lia.com.sg/,"point_of_interest,establishment"
Aureus Academy at Woodleigh,"11 Bidadari Park Dr, #01-14/15, Singapore 367803",+65 6950 6170,https://www.aureusacademy.com/,"point_of_interest,establishment"
Wonderlingo,"81 Clemenceau Ave, #02-25, Singapore 239917",+65 8810 2506,https://www.wonderlingoedu.com/?utm_source=google&utm_medium=wix_google_business_profile&utm_campaign=1635786808018062690,"point_of_interest,establishment"
Raffles Online Education Pte Ltd,"10 Collyer Quay, #37-00 Ocean Financial Centre, Singapore 049315",+65 9052 7888,http://rafflesrole.com/,"point_of_interest,establishment"
MindFlex Home Tuition Agency,"28 Sin Ming Ln, Singapore 573972",+65 9695 3522,https://singaporetuitionteachers.com/,"consultant,point_of_interest,establishment"
Chequers Chinese,"231 Mountbatten Rd, #01-02B, Blk D, Mountbatten Centre, Singapore 397999",+65 8042 5372,http://chequerschinese.sg/,"store,point_of_interest,establishment"
Bowen Education Centre,"Blk 806 Hougang Central, #03-144, Singapore 530806",+65 9616 0836,http://bowenchinesetuition.com/,"school,point_of_interest,establishment"
Advo Education Centre,"1 Goldhill Plaza, #02-45, Singapore 308899",+65 9363 9153,https://www.advoedu.com/,"university,school,consultant,point_of_interest,establishment"
Yuquan Language School @ Coronation Plaza,"587 Bukit Timah Rd, #03-11 Coronation Plaza, Singapore 269707",+65 6789 0900,https://yuquan.com.sg/,"school,point_of_interest,establishment"
SOQ International Academy,"10 Anson Rd, #35-16, 23-08 International Plaza, Singapore 079903",+65 6996 3383,http://www.soq.edu.sg/,"school,consultant,point_of_interest,establishment"
Ministry of Enkindled,"2 First St, Singapore 458278",,https://ministryofenkindled.com/,"consultant,point_of_interest,establishment"
Mulberry Learning @ Tai Seng,"10 Upper Aljunied Link, #01 - 01/02/03, Singapore 367904",+65 6653 8082,https://mulberrylearning.com/,"preschool,child_care_agency,point_of_interest,school,establishment"
Bilingvi,"36 Armenian St, #02-03, Singapore 179934",+65 8338 3136,http://bilingvi.com/,"point_of_interest,school,establishment"
Play2see,"10 Winstedt Rd, Block A #01-11, Singapore 227977",+65 9360 4262,https://www.play2see.com/,"summer_camp_organizer,child_care_agency,point_of_interest,school,establishment"
My Learning Haven,"3 Temasek Blvd, #03-374 to 378, Suntec City Mall, Singapore 038983",+65 9852 5706,https://mylearninghaven.com/,"child_care_agency,point_of_interest,establishment"
Impact Family International School,"12 Aljunied Rd, Singapore 389801",+65 8860 3177,https://www.impactfamily.edu.sg/,"point_of_interest,school,establishment"
EtonHouse Pre-School Mountbatten 223,"223 Mountbatten Rd, #01-18, Singapore 398008",+65 6440 5100,https://www.etonhouse.edu.sg/school/mountbatten223/,"preschool,child_care_agency,point_of_interest,school,establishment"
Learning Vision Lifelong Learning Institute (Paya Lebar),"11 Eunos Rd 8, #04-04 Lifelong Learning Institute, Singapore 408601",+65 6781 0888,https://www.learningvision.com/,"preschool,child_care_agency,point_of_interest,school,establishment"
Zee Schoolhouse,"23 Wareham Rd, Singapore 436788",+65 6440 0090,http://www.aaytozee.com.sg/,"preschool,child_care_agency,point_of_interest,school,establishment"
Writers Studio School of English (Beauty World Centre),"144 Upper Bukit Timah Rd, #03-06 Beauty World Centre, Singapore 588177",+65 6469 3997,https://www.writerstudio.com.sg/,"health,consultant,point_of_interest,establishment"
The Chalkboard Academy (Primary English Tuition & Writing Classes),"66 E Coast Rd, #07-10 The Flow, Singapore 428778",+65 6348 8910,https://thechalkboardacademy.sg/,"point_of_interest,establishment"
WRITERS AT WORK Enrichment - King's Arcade (Bukit Timah),"559 Bukit Timah Rd, #01-02B, Singapore 269696",+65 6463 2956,http://www.writersatwork.com.sg/,"point_of_interest,establishment"
Bun's Academy,"708 Hougang Ave 2, Singapore 530708",+65 8136 9088,https://www.bunsacademy.sg/,"point_of_interest,establishment"
English Creative Writing Academy,"1 Maritime Square HarbourFront Centre, #04-01 [Lobby C, Singapore 099253",+65 9234 3278,http://www.thelittlegroup.sg/,"point_of_interest,establishment"
Writing Sprouts Language Arts School (Katong),"412B Joo Chiat Rd, Singapore 427637",+65 6247 7173,http://www.writingsprouts.com.sg/,"point_of_interest,establishment"
WRITERS AT WORK Enrichment - Clementi,"Clementi Ave 4, #01-15 / 25 / 27 / 29 Block 320, Singapore 120320",+65 6774 2618,http://www.writersatwork.com.sg/,"point_of_interest,establishment"
WRITERS AT WORK Enrichment - Ang Mo Kio,"728 Ang Mo Kio Ave 6, #01-4220, Singapore 560728",+65 6250 1906,http://www.writersatwork.com.sg/,"point_of_interest,establishment"
Writers' Guild (AMK Hub),"53 Ang Mo Kio Ave 3, #03-09/24 AMK Hub, Singapore 569933",+65 8127 4047,http://www.writersguildsg.com/,"point_of_interest,establishment"
Writers' Guild (Punggol Cove),"198 Punggol Fld, #02-04, Singapore 820198",+65 9625 4833,https://www.writersguildsg.com/,"point_of_interest,establishment"
The Write Connection - Bishan Community Club,"51 Bishan St. 13, #03-02 Bishan Community Club, Singapore 579799",+65 6025 0972,https://www.thewriteconnection.com.sg/,"point_of_interest,establishment"
The Write Connection - Parkway Parade,"80 Marine Parade Rd, #09-05/06 Parkway Parade, Singapore 449269",+65 6440 4540,http://www.thewriteconnection.com.sg/,"point_of_interest,establishment"
WRITERS AT WORK Enrichment - Central Plaza (Tiong Bahru),"298 Tiong Bahru Rd, #06-02 Central Plaza, Singapore 168730",+65 8388 5078,https://www.writersatwork.com.sg/,"point_of_interest,establishment"
Write Edge @ The Poiz Centre,"51 Upper Serangoon Rd, #03-02/03 The Poiz Centre, Singapore 347697",+65 8383 4550,https://www.write-edge.com/,"point_of_interest,establishment"
CreativEdge Learning,"6 Eu Tong Sen St, #05-16 The Central, Singapore 059817",+65 8787 3371,https://www.creativelearning.com.sg/,"point_of_interest,establishment"
AGrader Learning Centre - Buangkok,"70 Compassvale Bow, #02-04 Sengkang Grand Mall, Singapore 544692",+65 9637 8636,https://www.agrader.sg/,"point_of_interest,establishment"
The Alternative Story (Djitsun Mall),"5 Ang Mo Kio Central 2, #03-04, Singapore 569663",+65 6914 6602,https://thealternativestory.com/,"point_of_interest,establishment"
88Tuition PTE LTD,"271 Bukit Timah Road, Balmoral Rd, #03-08, Singapore 259708",+65 8811 0009,https://www.88tuition.com/,"point_of_interest,establishment"
Children’s Worklab,"02-K1, Forum The Shopping Mall, 583 Orchard Rd, Singapore 238884",+65 9729 7828,https://www.worklab.com.sg/,"point_of_interest,establishment"
Japanese Explorer - Best Japanese Language School In Singapore,"10 Anson Rd, #22-07C International Plaza, Singapore 079903",+65 9725 8311,https://www.japaneseexplorer.com.sg/,"point_of_interest,establishment"
Hougang Japanese Language School,"Hougang St 21, #04-113/119 Blk 204, Singapore 530204",+65 6282 7590,http://japaneselanguage.client.jp/,"point_of_interest,establishment"
Hougang Japanese Language School,"133 Jurong Gateway Rd, #03-291, Singapore 600133",+65 6282 7590,https://www.hougangjapanese.com/,"school,point_of_interest,establishment"
"The Japanese Supplementary School, Singapore","95 Clementi Rd, Singapore 129782",+65 6777 5560,http://www.jss.edu.sg/access,"point_of_interest,establishment"
Tomo Japanese Language School,"190 Clemenceau Ave, #03 #02, Singapore 239924",,http://www.tomo-japanese.com/,"point_of_interest,establishment"
Ikoma Language School,"350 Orchard Rd, Floor 12 #12-07 Shaw House, Singapore 238868",+65 6238 0288,https://www.ikoma.com.sg/,"point_of_interest,establishment"
JCS Japanese Language School,"112 Middle Rd, #05-00 Midland House, Singapore 188970",+65 6338 3428,https://www.jcss.org.sg/,"school,point_of_interest,establishment"
The Japanese Cultural Society,"112 Middle Rd, #05-00, Singapore 188970",+65 6338 3428,https://www.jcss.org.sg/,"point_of_interest,establishment"
Hougang Japanese Language School,"Blk 247 #01-K1, Tampines St. 21, #521247, Singapore 521247",+65 8062 4280,https://www.hougangjapanese.com/,"point_of_interest,establishment"
"The Japanese Association, Singapore","120 Adam Rd, Singapore 289899",+65 6591 8136,http://www.jas.org.sg/,"point_of_interest,establishment"
Taiyo | Japanese Language School,"20 Kramat Ln, #03-05, Singapore 228773",+65 6222 0583,https://www.taiyo.edu.sg/,"point_of_interest,establishment"
Artzillions Art School,"6 Ubi Rd 1, #02-01 Wintech Centre, Singapore 408726",+65 8738 8305,https://www.artzillions.com.sg/,"art_studio,school,point_of_interest,store,establishment"
Bunka Language School,"231 Bain St, #02-39, COMPLEX 180231",+65 9465 8892,http://www.bunkalang.com/,"school,point_of_interest,establishment"
HJLS TCG Kovan,"Hougang St 21, #04-113 Blk 204, Singapore 530204",+65 8764 9428,http://www.t.me/hjls4tcg,"point_of_interest,store,establishment"
Korean Explorer - Singapore Korean Classes,"10 Anson Rd, Unit, #22-07 E International Plaza, Singapore 079903",+65 9725 8311,https://www.koreanexplorer.com.sg/,"point_of_interest,establishment"
Hana Korean Language School - Singapore,"20 Kramat Ln, #05-05 United House, Singapore 228773",+65 6589 8674,https://hanakorean.com.sg/,"point_of_interest,establishment"
Daehan Korean Language Centre,"18 Jln Masjid, #02-01 Kembangan Plaza, Singapore 418944",+65 9113 9264,http://www.daehankorean.com/,"point_of_interest,establishment"
SEJONG Korean Language School (Singapore) - Central,"10 Anson Rd, #34-15 International Plaza, Singapore 079903",+65 8688 8803,https://sejong.com.sg/,"point_of_interest,establishment"
ezSAM Language Centre (Korean and Chinese),"1 Coleman St, #10-11, Singapore 179803",+65 9278 3262,,"cultural_center,school,point_of_interest,establishment"
Seoul Korean Language Centre Singapore,"208 Hougang St 21, #02-209, Singapore 530208",+65 9721 2433,https://www.seoulkorean.sg/,"point_of_interest,establishment"
ONLYOU Korean Language School (Singapore) - Korean Class,"170 Upper Bukit Timah Rd, #05-06/07 Shopping Centre, Singapore 588179",+65 8685 8365,https://www.onlyou.sg/,"point_of_interest,establishment"
SEJONG Korean Language School (Singapore) - East,"510 Tampines Central 1, Singapore 520510",+65 8688 8803,http://www.sejong.com.sg/,"point_of_interest,establishment"
Raffles Skills Lab International Training Centre Pte Ltd,"Blk 70 Geylang Bahru, #03-2719, Singapore 330070",+65 6392 5072,https://www.rsi.edu.sg/,"point_of_interest,establishment"
Kiddiwinkie Schoolhouse @ Orchard,"15 Scotts Rd, #02-01 Thong Teck Building, Singapore 228218",+65 6817 1394,https://kiddiwinkie.edu.sg/centres-list/orchard?utm_source=google_my_business&utm_medium=organic&utm_content=bouton_site_web&utm_campaign=gmb2025,"preschool,school,child_care_agency,point_of_interest,establishment"
SEJONG Korean Language School (Singapore) - West,"80 Jurong East Street 21, Devan Nair Institute of Employment and Employability, Singapore 609607",+65 8688 8803,https://www.sejong.com.sg/,"point_of_interest,establishment"
Korero Dance Collective,"482 Serangoon Rd, #05-01, Singapore 218149",+65 8660 9208,https://www.instagram.com/korerodance?igsh=bmx0aWFzbnE0bWJr,"point_of_interest,establishment"
Miss SY Wang Chinese Distinctions Learning Studio,"190 Clemenceau Ave, Dhoby Ghaut, Singapore 239924",+65 8686 1338,https://www.chinesedistinctions.sg/,"point_of_interest,establishment"
Titan Tech Academy,"3 Temasek Blvd, #02-738 / 739, Singapore 038983",+65 9828 0739,https://titantechacademy.com/,"point_of_interest,establishment"
INDUK Taekwondo,"231 Mountbatten Rd, Block G, #01-03, Singapore 397999",+65 6241 8005,http://www.induk.com.sg/,"sports_activity_location,health,child_care_agency,point_of_interest,establishment"
French Studio Language School,"81 E Coast Rd, Singapore 428785",+65 9499 9527,https://www.frenchstudio.sg/,"point_of_interest,school,establishment"
French Toast Language Centre,"220A Upper Thomson Rd, #02-00, Singapore 574352",+65 8518 4951,https://www.frenchtoast.sg/,"point_of_interest,establishment"
FRENCH FASTER,"60 Paya Lebar Rd, Paya Lebar Square, Singapore 409051",+65 3163 2483,https://frenchfaster.sg/,"point_of_interest,establishment"
French Council of Singapore: French lessons and French classes. Learn French in Singapore.,"68 Circular Rd, Singapore 049422",+65 9421 9108,https://www.french.com.sg/,"point_of_interest,establishment"
French Language Academy,"452 Ang Mo Kio Ave 10, #01-1793 - 2nd floor, Singapore 560452",+65 8339 7286,https://learningfrench.sg/,"point_of_interest,establishment"
Alliance Française de Singapour,"1 Sarkies Rd, Singapore 258130",+65 6737 8422,https://alliancefrancaise.org.sg/,"cultural_center,point_of_interest,establishment"
French Language School,"400 Orchard Rd, #06-10 Orchard Towers, Singapore 238875",+65 8509 9219,https://www.frenchschool.sg/,"point_of_interest,establishment"
International French School (IFS),"3000 Ang Mo Kio Ave 3, Singapore 569928",+65 6805 0000,https://www.ifs.edu.sg/,"point_of_interest,school,establishment"
Les Oliviers French/English Montessori,"66 Namly Pl, Singapore 267211",+65 9145 3656,https://www.oliviers-french-montessori.com/,"preschool,child_care_agency,point_of_interest,school,establishment"
Voilivoilou Learning Centre Singapore,"160 Robinson Rd, #14-04 SBF Center, Singapore 068914",+65 9482 2012,http://voilivoilou.sg/,"point_of_interest,establishment"
At-Sunrice GlobalChef Academy,"28 Tai Seng St, Level 5 Sakae Building, Singapore 534106",+65 6416 6688,https://at-sunrice.com/,"point_of_interest,establishment"
Cherie Hearts @ Charlton,"19F Charlton Ln, Singapore 539643",+65 9101 6812,https://cherieheartscharlton.com.sg/,"preschool,child_care_agency,point_of_interest,school,establishment"
Spanish Studio Language School,"81 E Coast Rd, Singapore 428785",+65 9499 9527,https://www.spanishstudio.sg/,"point_of_interest,school,establishment"
"Commune Kitchen - Local Cooking Classes, Team Building, & Kitchen Rental","182 Cecil St, #02-10/11 Frasers Tower, Singapore 069547",+65 9179 9653,https://www.communekitchen.com/,"point_of_interest,food,establishment"
Nili Chinese Learning Nili老师华文乐园,"275 Thomson Rd, #01-22 Novena Regency, Singapore 307645",+65 8799 0827,https://www.nilichineselearning.com/,"point_of_interest,school,establishment"
LTL Mandarin School Singapore,"1 Marine Parade Central, Parkway Centre, Singapura 449408",+65 8819 6875,https://ltl-singapore.com/,"point_of_interest,school,establishment"
Yi Mandarin - Learn Mandarin Singapore,"20 Kramat Lane #05-05, United House, Singapore 228773",+65 6589 8197,https://yimandarin.com.sg/,"point_of_interest,establishment"
HappyCare-Student Care,"Bedok North Street 3, 509号#01-109 邮政编码: 460509",+65 8138 2460,http://www.studentcare.sg/,"child_care_agency,point_of_interest,establishment"
Edventure Learning Academy,"750 Chai Chee Rd, #01-14/14A Esr Bizpark @ Chai Chee, Singapore 469000",+65 9829 5900,http://edventurelearning.sg/,"child_care_agency,store,point_of_interest,establishment"
Greenland Childcare,"1 Geylang Bahru Ln, #01-02, Singapore 339631",+65 6538 3301,http://www.greenlandchildcare.com/,"child_care_agency,point_of_interest,establishment"
Our Children's House International Childcare Centre,"106 Paya Lebar Cres, Singapore 536186",+65 6635 7668,https://www.ourchildrenshouse.com.sg/,"preschool,child_care_agency,school,point_of_interest,establishment"
Mandarins Student Care Singapore,"1 Pemimpin Dr, #03-02 One Pemimpin, Singapore 576151",+65 8013 8154,https://www.mandarins-studentcare.com/,"child_care_agency,point_of_interest,establishment"
CUROS After-School Student Care @ Thomson Plaza,"301 Upper Thomson Rd, #02-22, Singapore 574408",+65 8946 1236,https://www.curos.com.sg/,"child_care_agency,point_of_interest,establishment"
Jus Students @ Katong,"158 E Coast Rd, Singapore 428866",+65 8686 7770,https://jusstudents.com/,"child_care_agency,point_of_interest,establishment"
Hokkien Huay Kuan Student Care School After School 午后学堂托管,"5 Sennett Rd, Singapore 466781",+65 6589 9500,https://www.shhkca.com.sg/after-school-care,"child_care_agency,point_of_interest,establishment"
Big Heart Student Care HQ,"65 Tanjong Katong Rd, Singapore 436957",+65 9653 3398,https://bigheartstudentcare.com/contact-us/,"corporate_office,point_of_interest,establishment"
Out of Box Academy - Second Avenue,"Bukit Timah Rd, 733, Singapore 269748",+65 6339 3075,https://outofbox.com.sg/student-care-second-avenue/,"child_care_agency,point_of_interest,establishment"
MindChamps MindSpace @ Tampines Junction | After School Student Care for P1-P5 | MindChamps Enrichment & PSLE for P1-P6,"300 Tampines Ave 5, #08-04 NTUC Income@Tampines Junction, Singapore 529653",+65 8850 4255,https://mindspace.mindchamps.org/mindspace-tampines-junction/?utm_source=google&utm_medium=gmb&utm_campaign=organic_gmb&utm_id=organic,"child_care_agency,school,point_of_interest,establishment"
Ideal Montessori Pte Ltd,"1 Youngberg Terrace, Avon Park, Singapore 357741",+65 6288 5421,https://www.babyment.com/childcare/childcare-centre.php?childcare_id=309,"child_care_agency,point_of_interest,establishment"
Learning Leap Student Care Centre (Newton),"204 Bukit Timah Rd, #01-00 Boon Liew Building, Singapore 229863",+65 6333 6535,https://learningleap.edu.sg/,"point_of_interest,establishment"
"Thrive After-school, East Coast","139 E Coast Rd, #02-01, Singapore 428829",+65 6816 1352,https://thrive.juliagabriel.com/,"child_care_agency,point_of_interest,establishment"
"Thrive After-school, New Bahru","46 Kim Yam Rd, #04-10 New Bahru, Singapore 239351",+65 6931 0045,https://thrive.juliagabriel.com/,"child_care_agency,point_of_interest,establishment"
Camp Asia,"1 Woodleigh Ln, Singapore 357684",+65 6289 5888,https://www.campasia.asia/,"child_care_agency,amusement_center,lodging,point_of_interest,establishment"
PlayFACTO School @ Bedok Central | Student Care Bedok,"Blk 209 New Upper Changi Rd, #04-651, Singapore 460209",+65 9773 4336,https://playfactoschool.com.sg/bedok-central/,"child_care_agency,school,point_of_interest,establishment"
Plain as Play by The Makers' Club,"199A E Coast Rd, Singapore 428902",+65 8044 3254,https://www.themakersclub.sg/,"child_care_agency,point_of_interest,establishment"
Ascendo Academy - Mountbatten,"231 Mountbatten Road Block B, #02-01, Singapore 397999",+65 8383 1896,http://www.ascendo.sg/,"school,consultant,point_of_interest,establishment"
The Lab Singapore (Kinex),"11 Tanjong Katong Rd, #03-01/02 KINEX Shopping Mall, Singapore 437157",+65 8488 7017,http://www.thelab.sg/,"point_of_interest,establishment"
MathScape Learning Centre,"203 Hougang St 21, #03-71, Singapore 530203",+65 8824 1378,http://www.mathscapelearning.com/,"point_of_interest,establishment"
Erudition Learning Hub,"Goldhill Centre 165B GoldHill Shopping Centre, Singapore 307618",+65 8788 5296,,"point_of_interest,establishment"
Terry Chew Academy,"167A Thomson Rd, Goldhill Shopping Centre, Singapore 307619",+65 8809 5884,https://terrychew.com.sg/,"child_care_agency,school,point_of_interest,establishment"
Math Prodigies Learning Centre,"16 Jln Masjid, #01-07 Kembangan Suites, Singapore 418941",+65 8363 5713,https://www.mathprodigies.com/,"school,point_of_interest,establishment"
"Master Maths Education Centre (PSLE, 'N' to 'O' Levels) | Farrer Park Branch","672A Klang Ln, #01-97, Singapore 211672",+65 9118 3767,https://linktr.ee/mastermathsed,"school,point_of_interest,establishment"
Kainetik Learning Centre,"266 Serangoon Central Dr, #02-251, Singapore 550266",+65 8795 5534,https://www.kainetik.com/,"school,point_of_interest,establishment"
The Learners' Circle Academy,"1 Goldhill Plaza, #03-29 Podium Block, Singapore 308899",+65 8886 2188,http://thelearnerscircle.com/,"point_of_interest,establishment"
AM Academy,"225A E Coast Rd, Singapore 428922",+65 9875 2843,http://www.amacademysg.com/,"school,point_of_interest,establishment"
Future Academy (Bugis),"175A Bencoolen Street #06-05, Burlington Square, Singapore 189650",+65 6884 6566,https://www.fa.edu.sg/,"point_of_interest,establishment"
Maythematics Math Tuition,"5 Jalan Masjid, Kembangan Court, Jln Masjid, #01-13 Courts, 5, Singapore 418924",+65 8915 0859,http://www.maythematics.com/,"point_of_interest,establishment"
Math Lobby- Secondary Math Tuition Centre,"39 Pheng Geck Ave, #01-30 Sennett Residence (Beside Potong Pasir Exit B, Singapore 348234",+65 9632 2202,http://www.mathlobby.com/,"point_of_interest,establishment"
"Zenith Education Studio - Paya Lebar | JC Tuition, Secondary School Tuition | Math, Chem, Econs, Physics, GP, English","11 Tanjong Katong Road, KINEX, #02-09, Singapore 437157",+65 8768 7651,https://www.zenitheducationstudio.com/location/paya-lebar,"point_of_interest,establishment"
Brain Matter Tuition @ Bishan,"503 Bishan St.11, #01-448, Singapore 570503",+65 9791 1234,http://www.brainmatter.com.sg/,"point_of_interest,establishment"
Neuromath Academy Pte Ltd,"1 Paya Lebar Link, PLQ2 408533",+65 9623 0836,http://neuromathacademy.com/,"point_of_interest,establishment"
"The Pique Lab | PSLE, O Level Science & Math Tuition Centre","1 Selegie Rd, #07-01 GR.iD Mall, Singapore 188306",+65 6909 1063,https://thepiquelab.com/,"point_of_interest,establishment"
eiMaths@Aljunied,"#05-102 Aljunied Ave 2, Blk 118, Singapore 380118",+65 6841 8148,http://www.eimaths.com/,"school,point_of_interest,establishment"
"Joyce Math Lab (Math Specialized Tuition, PSLE Math, IGCSE, AMath, IP Math, Edexcel Math, Primary Math)","81 Aljunied Rd, Level 8+ Abiel SpacePlus, III 389823",+65 8895 8961,http://www.joycemathlab.sg/,"point_of_interest,establishment"
MAD Learning Space,"2 Kallang Ave, #08-12, Singapore 339407",+65 9675 0623,https://www.madlearningspace.com/,"point_of_interest,establishment"
Mathmunchies (Math tuition),"511 Guillemard Rd, #03-11 Grandlink square, Singapore 399849",+65 8899 3511,https://www.instagram.com/mathmunchies/,"point_of_interest,establishment"
Outperformers Math,"60 Paya Lebar Rd, Singapore 409051",+65 8932 5481,https://outperformers.sg/,"point_of_interest,establishment"
Grade Solution Learning Centre,"7 Temasek Blvd, #12-07 Suntec Tower One, Singapore 038987",+65 8495 1120,https://www.gradesolution.com.sg/,"point_of_interest,establishment"
Little Scholars - Tuition Centre & Enrichment Classes in Orchard Road Singapore,"150 Orchard Rd, #08-12 Orchard Plaza, Singapore 238841",+65 9824 9348,https://littlescholars.biz/,"point_of_interest,school,establishment"
MPM Math and KE @ Parkway Centre,"1 Marine Parade Central, #08-09, Singapore 449408",+65 8753 9738,http://kecparkway.com/,"point_of_interest,establishment"
Math Monkey Singapore,"148A E Coast Rd, Singapore 428836",+65 6635 6395,http://www.mathmonkey.com.sg/,"point_of_interest,establishment"
Spark Education - Learning Centre,"112 E Coast Rd, #04-16/17, Singapore 428802",+65 9001 6868,http://sparkedu.com/sg,"point_of_interest,establishment"
Roots Abacus & Mathematics,"865 Mountbatten Rd, Singapore 437844",+65 9836 9997,https://www.rootsabacusmentalmaths.com/,"point_of_interest,establishment"
Fun With Abacus,"The Midtown Lobby B, Upper Serangoon Rd, #533971, Singapore 533971",+65 9786 5383,http://www.funwithabacus.com/,"point_of_interest,establishment"
SIP Abacus & Brain Exercise,"Upper Serangoon Rd, #02-10 756, Singapore 534626",+65 9424 4953,http://www.sipbrainpower.sg/,"point_of_interest,establishment"
UCMAS Singapore: Mental Arithmetic & Abacus Classes,"988 Upper Serangoon Rd, #01-14 Stars of Kovan, Singapore 534733",+65 8956 5191,https://ucmas.sg/,"school,point_of_interest,establishment"
Mentalmatics (Marine Parade),"1 Marine Parade Central, #03-02 Parkway Centre, Singapura 449408",+65 6022 0779,https://marineparade.mentalmatics.sg/,"point_of_interest,establishment"
Shenmo Education Centre,"Blk123 Bukit Merah Lane 1, #03-104, Singapore 150123",+65 8366 3987,http://www.shenmo.com.sg/,"point_of_interest,establishment"
UCMAS Abacus & Mental Arithmetic (Goldhill),"207B Thomson Rd, Level 3 Goldhill Shopping Centre, Singapore 307640",+65 8956 5191,https://www.ucmas.sg/,"point_of_interest,establishment"
Superman Mental Arithmetic (Hougang) | 超人珠心算,"Blk 212 Hougang St 21, #01-319, Singapore 530212",+65 8858 9399,http://www.supermanschool.com.sg/,"point_of_interest,establishment"
E&P Learning Place,"402 Orchard Rd, #04-07/13 Delfi Orchard, Singapore 238876",+65 6737 2588,https://www.enplearningplace.com/,"school,point_of_interest,establishment"
Superman Mental Arithmetic (Ang Mo Kio) | 超人珠心算,"Blk 702 Ang Mo Kio Ave 8, #02-2521, Singapore 560702",+65 8858 9399,http://www.supermanschool.com.sg/,"point_of_interest,establishment"
Mentalmatics (Bukit Batok),"373 Bukit Batok Street 31, #02-246, Singapore 650373",+65 6339 5985,http://www.mentalmatics.com.sg/,"school,point_of_interest,establishment"
CMA Mental Arithmetic (Toa Payoh) Centre,"Blk 83 Lor 2 Toa Payoh, #01-443, Singapore 310083",+65 6353 5438,https://www.facebook.com/share/16U7ZKWtme/,"point_of_interest,establishment"
Herald Learning Centre,"204 Hougang St 21, #03-119, Singapore 530204",+65 6383 5706,http://www.herald.com.sg/,"point_of_interest,establishment"
UMA MENTAL ARITHMETIC (大成心算),"Yishun Street 81, #02-180 BLOCK 845, Singapore 760845",+65 9128 1568,http://www.uma.sg/,"point_of_interest,establishment"
Brainy Moves Centre,"90 Goodman Rd, Goodman Arts Centre, Singapore 439053",+65 8606 3048,http://www.brainymoves.org/,"school,health,point_of_interest,establishment"
Iron Scholars Pte Ltd,"118 Aljunied Ave 2, #02-108, Singapore 380118",+65 9275 0773,https://ironscholars.com/,"school,child_care_agency,point_of_interest,establishment"
3G Abacus (Head Office),"134 Jurong Gateway Rd, #04-307A, Singapore 600134",+65 9643 9754,http://www.3gabacus.com/,"consultant,point_of_interest,establishment"
Katong Community Centre,"51 Kampong Arang Rd, Singapore 438178",+65 6345 8258,,"community_center,event_venue,point_of_interest,establishment"
Kampong Ubi Community Centre,"10 Jln Ubi, #01-07, Singapore 409075",+65 6742 3564,,"community_center,event_venue,point_of_interest,establishment"
CMA Mental Arithmetic (Kovan) Centre,"Hougang St 21, #03-57 Blk 203, Singapore 530203",+65 6284 0047,https://www.cma.edu.sg/,"point_of_interest,establishment"
CMA Mental Arithmetic (Sengkang) Centre,"Compassvale St, #01-38 Blk 297A, Singapore 541297",+65 6881 1368,http://www.cma.edu.sg/,"point_of_interest,establishment"
Cma Mental Arithmetic Centre (Punggol Center),"168 Punggol Fld, #04-05, Singapore 820168",+65 6315 5886,http://www.cma.edu.sg/,"point_of_interest,establishment"
CMA Mental Arithmetic Centre (Yishun) Pte Ltd,"1 Northpoint Drive #02-174 (South Wing), Northpoint City, Singapore 768019",+65 6257 0028,http://www.cma.edu.sg/,"point_of_interest,establishment"
Computhink Academy,"6 Toa Payoh Central, Singapore 319191",+65 8858 6173,http://www.computhink.com.sg/,"child_care_agency,point_of_interest,establishment"
The Logic Coders,"180 Kitchener Road, Mall, #06 - 05 City Square, Singapore 208539",+65 9040 9944,https://www.thelogiccoders.com.sg/,"point_of_interest,establishment"
Coding Lab (Parkway Parade),"80 Marine Parade Rd, #10-06 Parkway Parade, Singapore 449269",+65 6977 9641,http://www.codinglab.com.sg/,"point_of_interest,establishment"
The Lab Singapore (Orchard),"160 Orchard Rd, #03-07 Taste Orchard, Singapore 238842",+65 8824 4521,http://www.thelab.sg/,"point_of_interest,establishment"
Nullspace Robotics (Kallang Wave Mall),"1 Stadium Pl, #01-72, Singapore 397628",+65 6371 1783,https://sg.nullspace.co/centre-for-robotics-learning/,"point_of_interest,establishment"
SoulKids - Award-Winning Life Skills Training for Children and Parents,"91 Bencoolen St, #12-04, Singapore 189652",+65 9875 2372,http://www.soulkids.org/,"health,point_of_interest,establishment"
The Young Maker (Stars of Kovan),"988 Upper Serangoon Rd, #01-15 Stars of Kovan, Singapore 534733",+65 9777 5275,http://theyoungmaker.com/,"point_of_interest,establishment"
Lyza Education @ Orchard,"545 Orchard Rd, #16-07A Far East Shopping Centre, Singapore 238882",+65 9358 6695,http://www.lyza.com.sg/,"point_of_interest,establishment"
Mosaic Play Academy,"402 Joo Chiat Pl, The Yards@, Singapore 428082",+65 8915 2005,http://www.mosaicplayacademy.sg/,"child_care_agency,point_of_interest,establishment"
Think Kids,"123 Penang Rd, #03-13 Adina Singapore Orchard, Singapore 238465",+65 6735 4438,http://www.think-kids.com/,"school,doctor,health,consultant,point_of_interest,establishment"
Terra Minds Education,"73 Ubi Road 1, #09-62, #1 Oxley Bizhub, Singapore 408733",+65 6926 8757,https://www.terraminds.com.sg/,"point_of_interest,establishment"
Meta Robotics @ Punggol,"Blk 168, Punggol Fld, #04 08A, Singapore 820168",+65 6315 2777,https://www.metarobotics.sg/,"point_of_interest,establishment"
Chess at Three (United Square),"#01-45/46 United Square, Singapore 307591",+65 9436 1885,http://chessat3.sg/,"school,sports_club,point_of_interest,establishment"
Think Academy @ Square 2,"10 Sinaran Dr, #03-26 29 Square 2, Singapore 307506",+65 8285 3984,http://www.thinkacademy.sg/,"primary_school,school,point_of_interest,establishment"
Think Academy Singapore HQ,"101 Thomson Rd, #26-05 United Square, Singapore 307591",,http://www.thinkacademy.sg/,"school,point_of_interest,establishment"
The Brainery Code @ Jurong,"134 Jurong Gateway Rd, #03-307C, Singapore 600134",+65 8588 0583,https://thebrainerycode.com/,"point_of_interest,establishment"
Xaltius Pte. Ltd.,"33 Ubi Ave 3, #06-53, Tower A Vertex, Singapore 408868",+65 8133 0642,https://www.xaltius.tech/,"consultant,point_of_interest,establishment"
PLAYInc,"90, #03-01 Lor 23 Geylang, Agrow Building, Singapore 388393",+65 6802 5384,http://www.playinc.com.sg/,"performing_arts_theater,event_venue,consultant,point_of_interest,establishment"
Eye Level @ City Square Mall,"180 Kitchener Rd, #07-11, Singapore 208539",+65 6509 1317,http://csm.myeyelevel.net/,"point_of_interest,establishment"
Speech Academy Asia Headquarters - Public speaking for kids and adults,"52 Jurong Gateway Rd, #06-01 Jem, Singapore 608550",+65 9061 1715,http://speechacademyasia.com/,"point_of_interest,establishment"
"Singapore Brain Development Centre - ADHD, Dyslexia & Autism Treatment","1 Goldhill Plaza, #01-11, Singapore 308899",+65 6288 4123,https://www.brain.com.sg/,"point_of_interest,establishment"
International Schooling,"111 Somerset Rd, Level 3 TripleOne Somerset, Singapore 238164",+1 727-390-2419,https://internationalschooling.org/,"school,point_of_interest,establishment"
Ingel Soong Tuition Centre,"Tampines Street 41, Block 432, Singapore 520432",+65 9672 6733,https://ingelsoong.com/,"point_of_interest,establishment"
Next Level Options Academy,"10 Anson Rd, #18-13 International Plaza, Singapore 079903",+65 9771 9422,http://www.buffettonlineschool.com/,"point_of_interest,establishment"
Kuno Method @ Buangkok Square Mall,"991 Buangkok Link, #03-04 Buangkok Square Mall, Singapore 530991",+65 6560 8588,http://www.kunomethod.com.sg/,"preschool,child_care_agency,school,point_of_interest,establishment"
Emc Learning Resources Pte Ltd,"7500A Beach Rd, #04-312 THE PLAZA, Postal 199591",+65 6451 4188,http://www.emc.sg/,"point_of_interest,establishment"
Learning Interactive Pte Ltd,"231 Bain St, #04-39, Singapore 180231",+65 6333 4838,http://www.li.com.sg/,"child_care_agency,point_of_interest,establishment"
Futurum Academy (The Woodleigh Mall),"11 Bidadari Park Dr, #02-46, Singapore 367803",+65 8941 7751,https://futurumacademy.com/,"point_of_interest,establishment"
Mofunland Marina Square | Learn Cubing Singapore | Cubing Classes Competition | Speed Cubing | Rubik's Cube Shop Singapore,"6 Raffles Blvd, Singapore 039594",+65 8558 0928,http://www.mofunland.com/,"playground,point_of_interest,store,establishment"
Learn Beyond Education,"203 Hougang St 21, #03-89, Singapore 530203",+65 9775 0880,https://learnbeyondeducation.com/,"point_of_interest,establishment"
MuscleMath Learning Centre,"505D Bishan St.11, #01-410, Singapore 574505",+65 8433 3755,https://www.musclemathtuition.com/,"point_of_interest,establishment"
TSA The Science Academy (Toa Payoh),"01-674 Lor 4 Toa Payoh, Block 192, Singapore 310192",+65 8655 5068,http://www.thescienceacademy.sg/,"point_of_interest,establishment"
Simplilearn Singapore,"7500A Beach Rd, #14-302 The Plaza, Singapore 199591",+65 800 492 2295,https://www.simplilearn.com/?utm_source=google&utm_medium=gmb&utm_campaign=organic,"point_of_interest,establishment"
PlayFACTO School Katong | Student Care Katong,"30 E Coast Rd, #03-15, Singapore 428751",+65 9773 4336,https://playfactoschool.com.sg/student-care-katong/,"child_care_agency,point_of_interest,establishment"
Skool4kidz Pte Ltd,"87 Marine Parade Central, Singapore 440087",,,"preschool,child_care_agency,school,point_of_interest,establishment"
Mind Stretcher Yew Tee,"21 Choa Chu Kang North 6 #01-09/10 Yew Tee Point, Singapore 689578",+65 6465 0100,https://www.mindstretcher.com/,"point_of_interest,establishment"
"AGrader Learning Centre (Ang Mo Kio) - English, Math, Creative Writing, Science Tuition Centre Singapore","61 Ang Mo Kio Ave 8, #02-01/02/13 Jubilee Square, Singapore 569814",+65 9789 2377,https://www.agrader.sg/,"point_of_interest,establishment"
STEM Academy,"2 Sims Cl, #05-07 Gemini @ Sims, Singapore 387298",+65 6294 6505,https://www.stemacademy.sg/,"point_of_interest,establishment"
IDE Academy Singapore,"231 Mountbatten Road, Block B Mountbatten Centre, 03-03, Singapore 397999",+65 9888 9771,http://ideacademy.sg/,"child_care_agency,point_of_interest,establishment"
Little Skoolz,"33 Ubi Ave 3, #06-35 Vertex, Singapore 408868",+65 6702 2071,http://littleskoolz.com/,"point_of_interest,establishment"
STEM Institution (Upper Thomson),"11 Sin Ming Rd, B2-10 Thomson V2, Singapore 575629",+65 9244 0472,https://steminstitution.com/,"point_of_interest,establishment"
Best STEAM Junior Enrichment Classes Singapore,"7030 Ang Mo Kio Ave 5, #01-25, Singapore 569880",+65 6100 0567,https://www.jnrentertainment.com.sg/enrichment-class,"point_of_interest,establishment"
Explorer Junior | STEM Education & Holiday Camps,"304 Ubi Ave 1, #01-85, Singapore 400304",+65 8863 6067,http://www.explorerjunior.com/,"point_of_interest,establishment"
The Lavender Spaceship Project,"40A Orchard Rd, Singapore 238838",+65 8223 4825,http://www.lavenderspaceship.com/,"point_of_interest,establishment"
Duck Learning,"240 MacPherson Rd, #03-01, Singapore 348574",+65 6747 4236,http://www.ducklearning.com/,"consultant,point_of_interest,establishment"
Inventive Kids Play-based STEM Learning Centre,"339 Anchorvale Rd, #03-06, Singapore 540339",+65 8813 1649,https://www.inventivekids.asia/,"point_of_interest,establishment"
Futurum Academy（United Square Mall Campus）,"101 Thomson Road, Mall, #02-18/21 United Square, Singapore 307591",+65 8942 2919,http://www.futurumacademy.com/,"school,point_of_interest,establishment"
"JF Smart Learning (Bedok) - Science, Mathematics and Robotics Holiday Camps, Tuition and Enrichment Centre","740 Bedok Reservoir Rd, #01-3167, Singapore 470740",,https://jfsmartlearning.com/,"point_of_interest,establishment"
STEM Genius Coding & Robotics Academy,"106 Yishun Ring Rd, #01-199, Singapore 760106",+65 8819 5963,http://stem-genius.com/,"child_care_agency,point_of_interest,establishment"
School Of Robotics (SOR) @ Bukit Timah Branch,"170 Upper Bukit Timah Rd, #B2-15 Shopping Centre, Singapore 588179",+65 8878 8485,https://www.sor.com.sg/,"point_of_interest,establishment"
NK Robotics Sengkang,"Compassvale Bow, #02-15 70 Grand Mall, Singapore 544692",+65 8621 5076,https://nkr.sg/,"point_of_interest,establishment"
Empire Code Novena,"151B Thomson Rd, Singapore 307606",+65 8145 5004,http://www.empirecode.co/,"point_of_interest,establishment"
Empire Code River Valley,"8 Mohamed Sultan Rd, Singapore 238958",+65 8145 5004,http://www.empirecode.co/,"point_of_interest,establishment"
Nullspace Robotics (Rochester Mall),"35 Rochester Dr, #03 - 07, Singapore 138639",+65 6371 1783,https://sg.nullspace.co/centre-for-robotics-learning/,"child_care_agency,point_of_interest,establishment"
Coding Lab (Bukit Timah),"9 King Albert Park, #02-19 / #02-21 / #02-05, Singapore 598332",+65 6977 9641,http://www.codinglab.com.sg/,"point_of_interest,establishment"
STEM Institution (Pasir Ris),"1 Pasir Ris Cl, #03-105 E!hub, Singapore 519599",+65 9244 0472,http://www.steminstitution.com/,"point_of_interest,store,establishment"
PSB Academy City Campus: STEM Wing,"6 Raffles Blvd, #04-101/102, Singapore 039594",+65 6390 9000,http://www.psb-academy.edu.sg/,"university,point_of_interest,establishment"
Cambridge @ River Valley,"262 River Valley Rd, Singapore 238308",+65 6737 9139,https://cambridge.school/River-valley/,"preschool,child_care_agency,school,point_of_interest,establishment"
Nullspace Robotics (SAFRA Tampines),"1A Tampines Street 92, #02-03, Singapore 528882",+65 6371 1783,https://sg.nullspace.co/centre-for-robotics-learning/,"child_care_agency,point_of_interest,establishment"
KidsSTOP,"21 Jurong Town Hall Rd, Singapore 609433",+65 6425 2500,http://www.science.edu.sg/kidsstop,"tourist_attraction,playground,amusement_center,museum,sports_activity_location,point_of_interest,establishment"
KC SPACE @ Clementi | Student Care and Chinese Enrichment,"432 Clementi Ave 3, #01-290, Singapore 120432",+65 9773 7888,https://www.kcspace.com.sg/,"child_care_agency,school,point_of_interest,establishment"
Bidadari Community Club,"11 Bidadari Park Dr, #01-60, Singapore 367803",+65 6320 3566,https://www.onepa.gov.sg/cc/bidadari-cc,"community_center,event_venue,point_of_interest,establishment"
PlayFACTO School @ Toa Payoh Central,"600 Lor 4 Toa Payoh, #02-01/02, Singapore 319515",+65 9773 4336,https://playfactoschool.com.sg/student-care-toa-payoh/,"child_care_agency,point_of_interest,establishment"
Kids DiscoveryWorks,"Block 264 Bishan St 24, #B1-114, Singapore 570264",+65 6258 6938,https://parentportal.kidsdiscoveryworks.com/camp_program,"childrens_camp,child_care_agency,point_of_interest,establishment"
PeiPer Arts School,"46 Kim Yam Rd, #03-08 New Bahru, Singapore 239351",+65 8854 3494,https://peiperschool.com/,"art_studio,art_gallery,point_of_interest,establishment"
STEAM Engine Learning Centre,"240 MacPherson Rd, Building 03-01 Pines Industrial, Singapore 348574",+65 9822 5921,https://sites.google.com/ducklearning.com/steamengine/home,"point_of_interest,establishment"
Science Studios Learning Centre - Eastgate,"46 E Coast Rd, #05-04, Singapore 428766",+65 6970 4936,https://www.sciencestudios.com.sg/,"primary_school,school,consultant,point_of_interest,establishment"
Glow Science Education Centre,"183 Jln Pelikat, B1-37 The Promenade @ Pelikat, Singapore 537643",+65 8080 5706,http://www.glowscience.com.sg/,"point_of_interest,establishment"
Smart Science Lab (Novena),"1 Goldhill Plaza, #02-31 Podium Block, Singapore 308899",+65 8406 4281,http://smartsciencelab.com.sg/,"school,child_care_agency,point_of_interest,establishment"
HCSA Community Services,"1 Lor 23 Geylang, Singapore 388352",+65 6745 3532,http://www.hcsa.org.sg/,"point_of_interest,establishment"
Habitat for Humanity Singapore,"56 Lor 23 Geylang, #05-00 Century Technology Building, Singapore 388381",+65 6744 7326,http://www.habitat.org.sg/,"point_of_interest,establishment"
Educatio Student Care,"100 Lor 23 Geylang, #01-01 D Centennial Building, Singapore 388398",+65 8859 6958,http://www.educatioscc.com/,"child_care_agency,point_of_interest,establishment"
KJEM Academy Pte Ltd (KJEM Brilliant Kidz Hub),"231 Mountbatten Rd, Singapore 397999",+65 9823 0626,http://www.kjemacademy.com/,"primary_school,child_care_agency,health,school,point_of_interest,establishment"
Playeum Ltd Office,"21 Bedok North Street 1, #01-01 Common Ground, Singapore 469659",,http://www.playeum.com/,"point_of_interest,establishment"
Blessed Kidz,"180 Kitchener Rd, #07 - 06, Singapore 208539",+65 6634 5618,http://www.blessedkidz.com.sg/,"child_care_agency,point_of_interest,establishment"
PlayFACTO School @ Boon Keng | Student Care Boon Keng,"72 Bendemeer Rd, #03-11/12 Luzerne Building, Singapore 339941",+65 9773 4336,https://playfactoschool.com.sg/boon-keng/,"child_care_agency,school,point_of_interest,establishment"